CF31,W99999999
W1X,E12000007
NE88,E12000001
B6,E12000005
LE1,E12000004
BT32,N99999999
CF81,W99999999
B29,E12000005
SO43,E12000008
DD9,S99999999
CW6,E12000002
SN14,E12000009
WV7,E12000005
SL4,E12000008
S11,E12000003
L68,E12000002
LE12,E12000004
WA8,E12000002
TN10,E12000008
CT5,E12000008
EN9,E12000006
IV35,S99999999
W1N,E12000007
AB16,S99999999
SA11,W99999999
N21,E12000007
ME17,E12000008
CB8,E12000006
TD13,S99999999
B47,E12000005
WF7,E12000003
NE24,E12000001
SA37,W99999999
SO51,E12000008
BR6,E12000007
W2,E12000007
LN9,E12000004
L33,E12000002
KA13,S99999999
MK8,E12000008
L6,E12000002
SP10,E12000008
LU5,E12000006
CF36,W99999999
RM7,E12000007
EC1N,E12000007
KT24,E12000008
WS8,E12000005
L13,E12000002
BL4,E12000002
DG7,S99999999
TR1,E12000009
NN5,E12000004
LL20,W99999999
M35,E12000002
IP29,E12000006
N1C,E12000007
LS6,E12000003
TA20,E12000009
PH17,S99999999
CV22,E12000005
PH40,S99999999
PH10,S99999999
L16,E12000002
WF14,E12000003
EC2R,E12000007
KY15,S99999999
G42,S99999999
CB23,E12000006
M30,E12000002
L22,E12000002
KT2,E12000007
HP7,E12000008
RG26,E12000008
TW4,E12000007
SS6,E12000006
CO8,E12000006
LL51,W99999999
CF45,W99999999
LS99,E12000003
ST17,E12000005
LL64,W99999999
BS9,E12000009
MK14,E12000008
TS16,E12000001
S1,E12000003
EH36,S99999999
SE11,E12000007
SS12,E12000006
GU4,E12000008
TA11,E12000009
TW16,E12000008
SA68,W99999999
OL4,E12000002
G66,S99999999
NG15,E12000004
PA37,S99999999
WA2,E12000002
NE41,E12000001
G44,S99999999
B80,E12000005
SG3,E12000006
CM24,E12000006
IP17,E12000006
LA16,E12000002
KA6,S99999999
IP98,E12000006
BD15,E12000003
S60,E12000003
IP9,E12000006
GL8,E12000009
DH97,E12000001
YO60,E12000003
EX35,E12000009
TN21,E12000008
NE35,E12000001
CH6,W99999999
BH10,E12000009
IV46,S99999999
CV47,E12000005
PA61,S99999999
SM4,E12000007
OX17,E12000004
CA11,E12000002
WD25,E12000006
NE32,E12000001
N15,E12000007
GL50,E12000009
GU34,E12000008
WF4,E12000003
PL35,E12000009
BS27,E12000009
NG34,E12000004
G60,S99999999
G82,S99999999
HU4,E12000003
FK4,S99999999
BT44,N99999999
NG80,E12000004
JE3,L99999999
G84,S99999999
M26,E12000002
S30,E12000003
NR29,E12000006
UB3,E12000007
GL17,E12000009
PE5,E12000006
BA16,E12000009
PO2,E12000008
ML11,S99999999
BT93,N99999999
UB18,E12000007
RG7,E12000008
ST4,E12000005
PA46,S99999999
CH41,E12000002
EX23,E12000009
EC3M,E12000007
PR26,E12000002
M13,E12000002
FK13,S99999999
NE20,E12000001
B74,E12000005
PR0,E12000002
PH4,S99999999
TQ14,E12000009
M24,E12000002
GU5,E12000008
BS12,E12000009
SA73,W99999999
EX10,E12000009
CM4,E12000006
PO17,E12000008
LE21,E12000004
M6,E12000002
LL75,W99999999
TN39,E12000008
BT30,N99999999
NE9,E12000001
TN19,E12000008
TN17,E12000008
WD5,E12000006
NE99,E12000001
HX2,E12000003
DA6,E12000007
GU27,E12000008
IV25,S99999999
HU2,E12000003
YO21,E12000003
LA23,E12000002
E16,E12000007
B31,E12000005
OX9,E12000008
PA23,S99999999
N2,E12000007
YO43,E12000003
WN8,E12000002
SE8,E12000007
NR15,E12000006
M19,E12000002
WS5,E12000005
BN15,E12000008
CF15,W99999999
LE15,E12000004
DL16,E12000001
CH3,E12000002
WD6,E12000006
TR4,E12000009
SG17,E12000006
CA5,E12000002
WR7,E12000005
CT11,E12000008
LS10,E12000003
BD21,E12000003
BH1,E12000009
TA18,E12000009
LL38,W99999999
PO38,E12000008
CF47,W99999999
SN4,E12000009
BT13,N99999999
CF24,W99999999
SG13,E12000006
SR1,E12000001
S97,E12000003
WR4,E12000005
E3,E12000007
BN10,E12000008
BL78,E12000002
L10,E12000002
MK44,E12000006
WS15,E12000005
CH49,E12000002
PE32,E12000006
W1S,E12000007
KW7,S99999999
PH14,S99999999
B23,E12000005
DL4,E12000001
EH38,S99999999
GL9,E12000009
TR12,E12000009
TS13,E12000001
DN7,E12000003
TD6,S99999999
PA86,S99999999
BA8,E12000009
EN1,E12000007
KA24,S99999999
CR5,E12000007
AB36,S99999999
NG31,E12000004
E4,E12000007
AB2,S99999999
EH3,S99999999
IV23,S99999999
RH7,E12000008
BS31,E12000009
SY6,E12000005
S99,E12000003
CM21,E12000006
BA3,E12000009
CF41,W99999999
B92,E12000005
NG12,E12000004
BA11,E12000009
NG7,E12000004
BL11,E12000002
E20,E12000007
CW9,E12000002
CW12,E12000002
DD5,S99999999
CW2,E12000002
SK9,E12000002
CV35,E12000005
TA7,E12000009
BT37,N99999999
G90,S99999999
NE44,E12000001
WV12,E12000005
PE21,E12000004
AL3,E12000006
SR8,E12000001
B13,E12000005
SY19,W99999999
LE65,E12000004
CO14,E12000006
BN22,E12000008
PE24,E12000004
PA13,S99999999
GY10,L99999999
YO2,E12000003
W5,E12000007
KW10,S99999999
DE11,E12000004
OL12,E12000002
OX27,E12000008
DG10,S99999999
TQ1,E12000009
GY1,L99999999
TD2,S99999999
DN38,E12000003
RM2,E12000007
PE18,E12000006
WA12,E12000002
NW10,E12000007
SA44,W99999999
LA7,E12000002
DT7,E12000009
CT18,E12000008
SY11,E12000005
PH30,S99999999
BT6,N99999999
YO16,E12000003
SK11,E12000002
L36,E12000002
SA16,W99999999
BT27,N99999999
NE38,E12000001
LS29,E12000003
BT5,N99999999
B18,E12000005
LS28,E12000003
WC1R,E12000007
TS23,E12000001
TA4,E12000009
TN7,E12000008
HG3,E12000003
LD2,W99999999
RH20,E12000008
NE66,E12000001
G59,S99999999
BN3,E12000008
BT21,N99999999
SW18,E12000007
NW1,E12000007
SG12,E12000006
NG2,E12000004
IP3,E12000006
KY5,S99999999
TS1,E12000001
PR9,E12000002
SG6,E12000006
TR15,E12000009
NR4,E12000006
EH49,S99999999
LL58,W99999999
KT13,E12000008
SK2,E12000002
SA3,W99999999
MK11,E12000008
DY3,E12000005
PL2,E12000009
SE28,E12000007
PA29,S99999999
AB41,S99999999
WN1,E12000002
NE11,E12000001
TW8,E12000007
CT7,E12000008
SA34,W99999999
G23,S99999999
RM17,E12000006
PE2,E12000006
EC4A,E12000007
WS2,E12000005
MK18,E12000008
WR15,E12000005
OL6,E12000002
NP20,W99999999
LL61,W99999999
B64,E12000005
LL47,W99999999
KW2,S99999999
RH12,E12000008
LA19,E12000002
PA43,S99999999
DA9,E12000008
ML9,S99999999
DY8,E12000005
EX17,E12000009
IG10,E12000006
SS99,E12000006
PA2,S99999999
IV14,S99999999
SA48,W99999999
ML12,S99999999
IV54,S99999999
DA10,E12000008
WC1N,E12000007
LL16,W99999999
BH21,E12000009
PA5,S99999999
DH7,E12000001
HS5,S99999999
BB3,E12000002
SL8,E12000008
BS36,E12000009
PE17,E12000006
TF2,E12000005
IV40,S99999999
M43,E12000002
PR4,E12000002
DY12,E12000005
IP19,E12000006
TR93,E12000009
ME12,E12000008
PA6,S99999999
CF63,W99999999
KT18,E12000008
NE28,E12000001
RG22,E12000008
HP15,E12000008
DA2,E12000008
EC2N,E12000007
NP23,W99999999
M1,E12000002
B38,E12000005
MK41,E12000006
NP18,W99999999
IG6,E12000007
NE62,E12000001
SO23,E12000008
PH7,S99999999
NN1,E12000004
LS15,E12000003
BN7,E12000008
CH32,E12000002
BS23,E12000009
BT26,N99999999
L64,E12000002
BT24,N99999999
DE56,E12000004
CV12,E12000005
PH41,S99999999
NR16,E12000006
WV8,E12000005
CB11,E12000006
WN5,E12000002
S72,E12000003
RG13,E12000008
BR3,E12000007
SG5,E12000006
DT10,E12000009
EH23,S99999999
SE25,E12000007
FK10,S99999999
IV5,S99999999
DA5,E12000007
SK3,E12000002
LL39,W99999999
KA23,S99999999
DH6,E12000001
TS8,E12000001
PO39,E12000008
SE1,E12000007
TF4,E12000005
S75,E12000003
ME16,E12000008
DG3,S99999999
LL23,W99999999
EH45,S99999999
DE5,E12000004
ML1,S99999999
B5,E12000005
CH62,E12000002
GU18,E12000008
LE7,E12000004
KA10,S99999999
HU3,E12000003
SA9,W99999999
CO10,E12000006
N19,E12000007
CV5,E12000005
CA17,E12000002
SN1,E12000009
PA15,S99999999
M46,E12000002
PH24,S99999999
PA42,S99999999
PA33,S99999999
CV34,E12000005
EX39,E12000009
CH2,E12000002
B98,E12000005
PA9,S99999999
CF61,W99999999
SW1W,E12000007
NN11,E12000004
OX13,E12000008
NP10,W99999999
GU29,E12000008
PO6,E12000008
LN11,E12000004
L23,E12000002
PL32,E12000009
CA9,E12000002
CM9,E12000006
BS16,E12000009
EC4P,E12000007
EC1V,E12000007
TA15,E12000009
PA26,S99999999
GU31,E12000008
AB23,S99999999
HP13,E12000008
EX14,E12000009
BT82,N99999999
RM3,E12000007
MK4,E12000008
W12,E12000007
WR78,E12000005
HA6,E12000007
CV1,E12000005
KT16,E12000008
DH3,E12000001
CH48,E12000002
S64,E12000003
PL22,E12000009
M34,E12000002
LA12,E12000002
SK5,E12000002
TS24,E12000001
G78,S99999999
WA4,E12000002
CM20,E12000006
SS5,E12000006
NG11,E12000004
TA3,E12000009
ST3,E12000005
LA2,E12000002
PE38,E12000006
PO20,E12000008
SA41,W99999999
PA38,S99999999
ME6,E12000008
AB12,S99999999
BH3,E12000009
TS5,E12000001
BD18,E12000003
AL8,E12000006
BD99,E12000003
CM92,E12000006
DL8,E12000003
BB11,E12000002
WC2H,E12000007
GU22,E12000008
GL13,E12000009
PH2,S99999999
LL71,W99999999
G12,S99999999
RM13,E12000007
HP1,E12000006
BN21,E12000008
S35,E12000003
L49,E12000002
CV23,E12000005
AB53,S99999999
CB22,E12000006
NE36,E12000001
KT8,E12000008
TW5,E12000007
PO11,E12000008
EH12,S99999999
TN34,E12000008
NG3,E12000004
S26,E12000003
ME4,E12000008
FY3,E12000002
EX6,E12000009
TN32,E12000008
GU3,E12000008
KA16,S99999999
BT62,N99999999
UB8,E12000007
LS23,E12000003
BS48,E12000009
WV13,E12000005
PA36,S99999999
BS34,E12000009
KY1,S99999999
BD11,E12000003
YO8,E12000003
SA64,W99999999
IM6,M99999999
B14,E12000005
GU46,E12000008
OX33,E12000008
TN11,E12000008
LN6,E12000004
AB33,S99999999
NR25,E12000006
EH52,S99999999
SS1,E12000006
DY7,E12000005
N6,E12000007
DE73,E12000004
SS17,E12000006
EX3,E12000009
AB30,S99999999
NE40,E12000001
G73,S99999999
LL55,W99999999
KW6,S99999999
NW5,E12000007
CF7,W99999999
CW98,E12000002
TN40,E12000008
S41,E12000004
YO5,E12000003
E98,E12000007
PE6,E12000004
OX6,E12000008
IP10,E12000006
GL55,E12000009
PL7,E12000009
CV8,E12000005
BN26,E12000008
L72,E12000002
NN6,E12000004
CF95,W99999999
LD1,W99999999
HX1,E12000003
DL11,E12000003
B35,E12000005
NE2,E12000001
LS11,E12000003
RH15,E12000008
NE6,E12000001
DT8,E12000009
TQ11,E12000009
WV3,E12000005
G71,S99999999
TN28,E12000008
BH14,E12000009
BS4,E12000009
BT16,N99999999
DG14,S99999999
PA68,S99999999
E12,E12000007
TD9,S99999999
AL1,E12000006
CH60,E12000002
BN11,E12000008
IV19,S99999999
IP4,E12000006
TW13,E12000007
M29,E12000002
TQ5,E12000009
SN8,E12000009
G21,S99999999
NE15,E12000001
BT77,N99999999
LE8,E12000004
DD1,S99999999
BD9,E12000003
EC3V,E12000007
LL15,W99999999
HU14,E12000003
SP9,E12000009
LL67,W99999999
WA88,E12000002
PO13,E12000008
L44,E12000002
HX7,E12000003
B69,E12000005
RH1,E12000008
EH42,S99999999
NN15,E12000004
PE9,E12000004
CO4,E12000006
DN34,E12000003
WC1V,E12000007
HP10,E12000008
CW3,E12000005
BL8,E12000002
TR19,E12000009
AB3,S99999999
IV26,S99999999
IV28,S99999999
SP4,E12000009
TW20,E12000008
SA7,W99999999
NW7,E12000007
CH28,E12000002
WA7,E12000002
EH19,S99999999
SW7,E12000007
ML5,S99999999
TR27,E12000009
OL11,E12000002
PE14,E12000006
LU2,E12000006
PL1,E12000009
FK20,S99999999
S8,E12000003
DT3,E12000009
TR18,E12000009
YO12,E12000003
NG33,E12000004
PA41,S99999999
BB9,E12000002
CA12,E12000002
LL43,W99999999
LL24,W99999999
GY5,L99999999
PA73,S99999999
EN5,E12000007
W13,E12000007
FK21,S99999999
L69,E12000002
PE25,E12000004
LL33,W99999999
EC2A,E12000007
WR1,E12000005
HR5,E12000005
CM19,E12000006
KA28,S99999999
IG2,E12000007
SO5,E12000008
NR8,E12000006
IP21,E12000006
KY8,S99999999
EC3B,E12000007
ST10,E12000005
RM11,E12000007
L14,E12000002
EH8,S99999999
CR4,E12000007
M18,E12000002
WR11,E12000005
SW20,E12000007
SL3,E12000008
DL3,E12000001
SY22,W99999999
WV1,E12000005
CA24,E12000002
NR32,E12000006
LD4,W99999999
EH13,S99999999
RG27,E12000008
YO31,E12000003
OX4,E12000008
NP7,W99999999
TS15,E12000001
HP22,E12000008
PO33,E12000008
CM15,E12000006
DN2,E12000003
NE34,E12000001
RG18,E12000008
CA20,E12000002
IV10,S99999999
TN22,E12000008
S12,E12000003
HS2,S99999999
YO19,E12000003
BT70,N99999999
BN43,E12000008
SW14,E12000007
SA17,W99999999
YO10,E12000003
WD18,E12000006
CF1,W99999999
PA34,S99999999
FK3,S99999999
PE13,E12000006
TW15,E12000008
NE98,E12000001
WA11,E12000002
DE22,E12000004
EC1A,E12000007
BS32,E12000009
FK15,S99999999
KT20,E12000008
GL51,E12000009
SA72,W99999999
SS11,E12000006
PL19,E12000009
NE47,E12000001
CH63,E12000002
PL26,E12000009
NW1W,E12000007
BB12,E12000002
AB55,S99999999
S19,E12000003
OX16,E12000008
TF9,E12000005
EC3N,E12000007
SP7,E12000009
NN18,E12000004
IP28,E12000006
HD5,E12000003
IP31,E12000006
CF91,W99999999
B33,E12000005
L73,E12000002
L2,E12000002
GL7,E12000009
DE75,E12000004
KA7,S99999999
G83,S99999999
EX34,E12000009
WD23,E12000006
WF3,E12000003
SR7,E12000001
SE10,E12000007
NG8,E12000004
PL6,E12000009
CF71,W99999999
SW6,E12000007
ME2,E12000008
G65,S99999999
IV43,S99999999
B75,E12000005
G81,S99999999
TN6,E12000008
TN20,E12000008
JE2,L99999999
CT21,E12000008
LL65,W99999999
SA62,W99999999
NP15,W99999999
HU7,E12000003
UB4,E12000007
S31,E12000003
LA17,E12000002
BT45,N99999999
B21,E12000005
TN16,E12000007
B22,E12000005
DG4,S99999999
HA0,E12000007
EX22,E12000009
N8,E12000007
BS11,E12000009
ME13,E12000008
BT31,N99999999
CF42,W99999999
RG8,E12000008
LA1,E12000002
OX8,E12000008
KT12,E12000008
CB7,E12000006
W1P,E12000007
B97,E12000005
ME18,E12000008
GU6,E12000008
IV36,S99999999
CM7,E12000006
AB56,S99999999
EX11,E12000009
UB9,E12000007
TN18,E12000008
NG18,E12000004
PO3,E12000008
L67,E12000002
WD4,E12000006
CH45,E12000002
M7,E12000002
CT19,E12000008
M61,E12000002
NP24,W99999999
W3,E12000007
DE13,E12000005
N3,E12000007
GL20,E12000009
SL7,E12000008
CW10,E12000002
EH35,S99999999
EH2,S99999999
NE70,E12000001
BL5,E12000002
SE15,E12000007
BT63,N99999999
BL6,E12000002
SS0,E12000006
KW11,S99999999
WS14,E12000005
KA29,S99999999
N14,E12000007
M32,E12000002
CF30,W99999999
TD12,S99999999
TQ9,E12000009
SO30,E12000008
CA4,E12000002
PO18,E12000008
LE13,E12000004
NR22,E12000006
EH29,S99999999
NE23,E12000001
CM77,E12000006
DL5,E12000001
NR11,E12000006
SO42,E12000008
SG18,E12000006
LU6,E12000006
GY4,L99999999
S36,E12000003
CO15,E12000006
CT6,E12000008
TS27,E12000001
PR3,E12000002
G13,S99999999
WC1X,E12000007
SO50,E12000008
SE18,E12000007
SA38,W99999999
HP6,E12000008
CA21,E12000002
IG9,E12000006
BH6,E12000009
WS9,E12000005
KT3,E12000007
CF11,W99999999
B78,E12000005
OL13,E12000002
WV4,E12000005
RG21,E12000008
KT23,E12000008
G45,S99999999
BA2,E12000009
SA12,W99999999
PA69,S99999999
GL16,E12000009
YO13,E12000003
PA83,S99999999
CW5,E12000002
BN4,E12000008
BT33,N99999999
IV30,S99999999
NR6,E12000006
AB1,S99999999
DL1,E12000001
PH44,S99999999
KY14,S99999999
L28,E12000002
PA16,S99999999
SN13,E12000009
LS7,E12000003
S10,E12000003
EC1M,E12000007
BT20,N99999999
BS8,E12000009
LS2,E12000003
E1W,E12000007
B9,E12000005
L3,E12000002
FK14,S99999999
SY4,E12000005
M21,E12000002
E15,E12000007
PA4,S99999999
LN1,E12000004
MK13,E12000008
L35,E12000002
NE67,E12000001
DD11,S99999999
NP6,W99999999
ML3,S99999999
LS27,E12000003
NP11,W99999999
SE27,E12000007
NR5,E12000006
E77,E12000007
CF5,W99999999
SW17,E12000007
BN5,E12000008
SA43,W99999999
TW1,E12000007
FK5,S99999999
M99,E12000002
IV55,S99999999
DY10,E12000005
B10,E12000005
KA4,S99999999
LL68,W99999999
BS0,E12000009
GY9,L99999999
SY16,W99999999
LD8,W99999999
B19,E12000005
CH29,E12000002
YO17,E12000003
GU16,E12000008
CF39,W99999999
RH11,E12000008
SA13,W99999999
KY6,S99999999
TR24,E12000009
IP12,E12000006
BT66,N99999999
PR8,E12000002
LL46,W99999999
S7,E12000003
HS6,S99999999
SA35,W99999999
BD12,E12000003
TA23,E12000009
PA39,S99999999
NE12,E12000001
SK12,E12000004
DA3,E12000008
BH18,E12000009
TW12,E12000007
LS16,E12000003
BT7,N99999999
WS3,E12000005
PE1,E12000006
B63,E12000005
HA7,E12000007
TN38,E12000008
SW5,E12000007
KW1,S99999999
DT4,E12000009
ST12,E12000005
NE27,E12000001
ME7,E12000008
HP27,E12000008
EC4R,E12000007
PE27,E12000006
CT8,E12000008
KW14,S99999999
RM16,E12000006
ST19,E12000005
B42,E12000005
CT10,E12000008
IP26,E12000006
LL59,W99999999
GU26,E12000008
LL27,W99999999
CA26,E12000002
NW9,E12000007
LE4,E12000004
SP2,E12000009
IP1,E12000006
BD19,E12000003
HP19,E12000008
CV2,E12000005
LL74,W99999999
SA47,W99999999
LL28,W99999999
HU11,E12000003
IV15,S99999999
PO41,E12000008
DN14,E12000003
GL56,E12000009
DL10,E12000003
N20,E12000007
LE16,E12000004
W1T,E12000007
NN2,E12000004
PA22,S99999999
OX39,E12000008
LL37,W99999999
KY99,S99999999
CF14,W99999999
E9,E12000007
TN27,E12000008
DL17,E12000001
SE7,E12000007
PH37,S99999999
NR14,E12000006
EC3P,E12000007
WS6,E12000005
BN18,E12000008
AL6,E12000006
E2,E12000007
AB34,S99999999
FY4,E12000002
W1J,E12000007
RG14,E12000008
WR6,E12000005
BT12,N99999999
GU35,E12000008
W1K,E12000007
ST5,E12000005
SO31,E12000008
IM3,M99999999
DA18,E12000007
YO90,E12000003
EX18,E12000009
RH8,E12000008
BN27,E12000008
PO37,E12000008
S40,E12000004
WS11,E12000005
BA9,E12000009
EH95,S99999999
G1,S99999999
DE12,E12000004
L17,E12000002
LL78,W99999999
LS20,E12000003
PE8,E12000004
S96,E12000003
BD22,E12000003
G76,S99999999
CV9,E12000005
EN2,E12000007
AB37,S99999999
PL12,E12000009
YO4,E12000003
SY7,E12000005
PO7,E12000008
IV24,S99999999
TD5,S99999999
KY11,S99999999
SY18,W99999999
EH26,S99999999
TN31,E12000008
CM98,E12000006
LS21,E12000003
CW8,E12000002
S44,E12000004
CH4,E12000002
WV11,E12000005
UB11,E12000007
PE22,E12000004
MK9,E12000008
OX26,E12000008
S45,E12000004
YO1,E12000003
BA12,E12000009
BT38,N99999999
EH37,S99999999
TN14,E12000008
PA76,S99999999
CM22,E12000006
TR11,E12000009
TS19,E12000001
PA12,S99999999
CV21,E12000005
BH31,E12000009
CR0,E12000007
DG11,S99999999
PA14,S99999999
MK1,E12000008
DN39,E12000003
DL15,E12000001
TR5,E12000009
IV49,S99999999
CA3,E12000002
NE92,E12000001
SN17,E12000009
DN22,E12000004
GU12,E12000008
TD8,S99999999
SP3,E12000009
IP25,E12000006
G77,S99999999
PA30,S99999999
CA8,E12000002
NE39,E12000001
M27,E12000002
GU52,E12000008
EX38,E12000009
FY8,E12000002
WS10,E12000005
EN6,E12000006
CW1,E12000002
BS19,E12000009
CV6,E12000005
RM8,E12000007
BS98,E12000009
SN10,E12000009
RG10,E12000008
PA87,S99999999
IV47,S99999999
M33,E12000002
CM3,E12000006
OX29,E12000008
SE14,E12000007
B25,E12000005
FK8,S99999999
EX15,E12000009
BS80,E12000009
UB5,E12000007
CV33,E12000005
YO41,E12000003
S32,E12000004
HP14,E12000008
TS25,E12000001
GL52,E12000009
CM8,E12000006
CB10,E12000006
PL33,E12000009
KT15,E12000008
GU28,E12000008
BS26,E12000009
CH70,E12000002
DN17,E12000003
CR7,E12000007
HR1,E12000005
KW12,S99999999
BS1,E12000009
WA16,E12000002
L48,E12000002
BD23,E12000003
YO7,E12000003
TA6,E12000009
SW1X,E12000007
LA13,E12000002
L24,E12000002
PA80,S99999999
SK6,E12000002
NE31,E12000001
NP2,W99999999
SA40,W99999999
PA49,S99999999
BS15,E12000009
CO11,E12000006
G69,S99999999
LU95,E12000006
GL12,E12000009
B15,E12000005
WA3,E12000002
CB21,E12000006
BH2,E12000009
N18,E12000007
MK5,E12000008
B43,E12000005
TF10,E12000005
CF62,W99999999
B70,E12000005
AB52,S99999999
S61,E12000003
GU95,E12000008
LA20,E12000002
TN3,E12000008
TA12,E12000009
SO97,E12000008
DL9,E12000003
HD6,E12000003
SE9,E12000007
LE17,E12000004
IV2,S99999999
WC1A,E12000007
YO30,E12000003
GL15,E12000009
M20,E12000002
PR7,E12000002
HU10,E12000003
BS37,E12000009
WR3,E12000005
BB2,E12000002
CH44,E12000002
SY5,E12000005
G22,S99999999
PO14,E12000008
EH46,S99999999
KT17,E12000008
DY11,E12000005
NP9,W99999999
HP21,E12000008
AB99,S99999999
TF3,E12000005
BT94,N99999999
EH53,S99999999
TW19,E12000008
SE4,E12000007
M12,E12000002
PH11,S99999999
BN8,E12000008
L30,E12000002
BN42,E12000008
BT23,N99999999
NG4,E12000004
NP19,W99999999
TD11,S99999999
KA5,S99999999
SO22,E12000008
BB8,E12000002
SS9,E12000006
BS99,E12000009
MK40,E12000006
IP16,E12000006
HP16,E12000008
CH31,E12000002
M38,E12000002
CF64,W99999999
MK17,E12000008
N7,E12000007
GU19,E12000008
M60,E12000002
BS22,E12000009
YO24,E12000003
NG14,E12000004
M2,E12000002
SG14,E12000006
PH23,S99999999
CF32,W99999999
W14,E12000007
SE24,E12000007
NR9,E12000006
B4,E12000005
G34,S99999999
TR16,E12000009
SS4,E12000006
NR35,E12000006
BT56,N99999999
GU13,E12000008
PA19,S99999999
B37,E12000005
SK4,E12000002
FK18,S99999999
IV4,S99999999
CT14,E12000008
W1Y,E12000007
ML2,S99999999
MK10,E12000008
DE4,E12000004
M52,E12000002
RM20,E12000006
W1A,E12000007
TS9,E12000003
LE2,E12000004
SW99,E12000007
LL22,W99999999
CO3,E12000006
SP8,E12000009
ST16,E12000005
BH9,E12000009
SG2,E12000006
RH14,E12000008
CV13,E12000004
L63,E12000002
NN14,E12000004
LN10,E12000004
TF5,E12000005
BH13,E12000009
L8,E12000002
KW15,S99999999
BT60,N99999999
SM3,E12000007
BT49,N99999999
G70,S99999999
SG8,E12000006
BL9,E12000002
NW11,E12000007
BD6,E12000003
BR2,E12000007
PL9,E12000009
PA62,S99999999
NG23,E12000004
LS98,E12000003
WC2B,E12000007
TQ4,E12000009
BS10,E12000009
EX31,E12000009
SW13,E12000007
AB45,S99999999
BH22,E12000009
PA40,S99999999
NR10,E12000006
EC2M,E12000007
DE1,E12000004
E7,E12000007
LE9,E12000004
CA25,E12000002
OX3,E12000008
ML6,S99999999
BN52,E12000008
CH7,W99999999
TS20,E12000001
LL52,W99999999
S65,E12000003
PA1,S99999999
RH2,E12000008
PH18,S99999999
W11,E12000007
SO4,E12000008
LU1,E12000006
DL2,E12000001
DN35,E12000003
BT2,N99999999
TS18,E12000001
HX6,E12000003
L47,E12000002
NW6,E12000007
RG17,E12000008
YO95,E12000003
PA8,S99999999
CH27,E12000002
BD2,E12000003
SY23,W99999999
LL32,W99999999
IV9,S99999999
DN3,E12000003
KA20,S99999999
KY9,S99999999
PL23,E12000009
WD17,E12000006
TN25,E12000008
KA12,S99999999
DH98,E12000001
BN9,E12000008
IV11,S99999999
DA15,E12000007
G2,S99999999
TR21,E12000009
LL70,W99999999
CM14,E12000006
SW16,E12000007
RM10,E12000007
DN8,E12000003
WF1,E12000003
EX2,E12000009
SO16,E12000008
SK15,E12000002
PO32,E12000008
HP9,E12000008
CF2,W99999999
OL1,E12000002
M15,E12000002
HR4,E12000005
W1G,E12000007
BB1,E12000002
CM18,E12000006
L27,E12000002
EH7,S99999999
ME99,E12000008
AL7,E12000006
CT15,E12000008
SY12,E12000005
RG42,E12000008
YO11,E12000003
NN9,E12000004
ZE3,S99999999
PH1,S99999999
CR3,E12000008
FK9,S99999999
DN10,E12000004
EC4Y,E12000007
EH9,S99999999
WR12,E12000005
CB1,E12000006
ME1,E12000008
CA99,E12000002
SA18,W99999999
CA95,E12000002
TS12,E12000001
CF10,W99999999
EC3A,E12000007
SR4,E12000001
RM12,E12000007
RG45,E12000008
LA4,E12000002
G4,S99999999
W1F,E12000007
IP22,E12000006
IM7,M99999999
B66,E12000005
RG5,E12000008
LL12,W99999999
BN88,E12000008
SA63,W99999999
PE99,E12000006
TN37,E12000008
LS3,E12000003
CF8,W99999999
PH6,S99999999
CM11,E12000006
DE23,E12000004
PL16,E12000009
BT53,N99999999
PH20,S99999999
LD7,W99999999
SS16,E12000006
KT21,E12000008
AB13,S99999999
WC1E,E12000007
SL2,E12000008
TR20,E12000009
EH32,S99999999
SP11,E12000008
SG9,E12000006
AB22,S99999999
GL3,E12000009
GL19,E12000009
NW4,E12000007
DE74,E12000004
EX5,E12000009
L41,E12000002
LN7,E12000004
AB38,S99999999
G62,S99999999
NN7,E12000004
B46,E12000005
DD6,S99999999
NE63,E12000001
TD1,S99999999
BS77,E12000009
PE37,E12000006
NE5,E12000001
IV44,S99999999
BT34,N99999999
G64,S99999999
S21,E12000004
WC99,E12000007
WA1,E12000002
BN14,E12000008
IM4,M99999999
B28,E12000005
WN4,E12000002
CF48,W99999999
CT50,E12000008
TS2,E12000001
E11,E12000007
DY6,E12000005
OX5,E12000008
NE83,E12000001
LE94,E12000004
HD3,E12000003
CV10,E12000005
S73,E12000003
BA13,E12000009
SA67,W99999999
SA71,W99999999
B34,E12000005
TR8,E12000009
NE16,E12000001
NN10,E12000004
AB31,S99999999
PH33,S99999999
KT7,E12000008
TW6,E12000007
CO2,E12000006
DT9,E12000009
PO19,E12000008
TF13,E12000005
EH91,S99999999
LS12,E12000003
LL42,W99999999
HU15,E12000003
CB6,E12000006
IV51,S99999999
CT1,E12000008
TA17,E12000009
CO7,E12000006
GU47,E12000008
NE1,E12000001
SA2,W99999999
NE43,E12000001
BT17,N99999999
HS8,S99999999
W6,E12000007
RG1,E12000008
SL95,E12000008
LS24,E12000003
EH14,S99999999
WS7,E12000005
SY1,E12000005
LL13,W99999999
IV27,S99999999
AB4,S99999999
FY5,E12000002
PL95,E12000009
PH38,S99999999
CH46,E12000002
DL14,E12000001
GL11,E12000009
LS88,E12000003
BT64,N99999999
BH5,E12000009
TN26,E12000008
MK46,E12000008
NR19,E12000006
NW3,E12000007
N13,E12000007
LL36,W99999999
BT15,N99999999
NP44,W99999999
TR14,E12000009
DE3,E12000004
LL49,W99999999
PE36,E12000006
AB25,S99999999
PA75,S99999999
PA45,S99999999
M17,E12000002
TW11,E12000007
PE26,E12000006
PO36,E12000008
CM1,E12000006
G80,S99999999
DY1,E12000005
NE25,E12000001
G14,S99999999
SA14,W99999999
LL77,W99999999
W1U,E12000007
PE34,E12000006
EH28,S99999999
LE67,E12000004
WR9,E12000005
EH10,S99999999
IM1,M99999999
CA13,E12000002
PA11,S99999999
NG70,E12000004
PA72,S99999999
CO1,E12000006
B27,E12000005
DA17,E12000007
SY17,W99999999
WV5,E12000005
SO20,E12000008
PL11,E12000009
G51,S99999999
EN3,E12000007
KA21,S99999999
EX8,E12000009
BN17,E12000008
PL14,E12000009
RH77,E12000008
IV20,S99999999
NR13,E12000006
LL18,W99999999
YO3,E12000003
CV37,E12000005
AB35,S99999999
DN31,E12000003
IV21,S99999999
L34,E12000002
W7,E12000007
BT29,N99999999
MK2,E12000008
SS22,E12000006
AB21,S99999999
BS29,E12000009
S18,E12000004
RM50,E12000007
RM4,E12000006
NR31,E12000006
GL18,E12000009
NE8,E12000001
BT75,N99999999
KA26,S99999999
BN6,E12000008
BT39,N99999999
CM13,E12000006
TD4,S99999999
RH9,E12000008
CM23,E12000006
BB94,E12000002
DG12,S99999999
ZE1,S99999999
WD19,E12000006
WC2E,E12000007
RG2,E12000008
NG10,E12000004
CH88,E12000002
TA9,E12000009
RH17,E12000008
AB51,S99999999
TS21,E12000001
LS26,E12000003
SW1H,E12000007
TR25,E12000009
IV56,S99999999
WA10,E12000002
KW5,S99999999
SA1,W99999999
NE46,E12000001
NP5,W99999999
RM19,E12000006
HD1,E12000003
NR2,E12000006
SA46,W99999999
HS3,S99999999
PL27,E12000009
HD9,E12000003
NR1,E12000006
LU7,E12000006
AB43,S99999999
WV14,E12000005
WN3,E12000002
BN51,E12000008
CA14,E12000002
BT76,N99999999
B67,E12000005
N10,E12000007
HR3,E12000005
BN12,E12000008
SA31,W99999999
DY14,E12000005
SP6,E12000008
PL5,E12000009
NN13,E12000004
S6,E12000003
SR6,E12000001
RG41,E12000008
AB9,S99999999
CR90,E12000007
TA2,E12000009
SG10,E12000006
PE16,E12000006
SK13,E12000004
SY24,W99999999
BA1,E12000009
OX12,E12000008
ME15,E12000008
IP2,E12000006
ML7,S99999999
W1C,E12000007
KY2,S99999999
S20,E12000003
IG1,E12000007
KY3,S99999999
EX19,E12000009
TN9,E12000008
HG1,E12000003
EH21,S99999999
BN45,E12000008
B32,E12000005
OX7,E12000008
DH5,E12000001
IM8,M99999999
KT11,E12000008
B16,E12000005
GY8,L99999999
PA25,S99999999
CO16,E12000006
BT8,N99999999
G9,S99999999
NE26,E12000001
TF6,E12000005
TS90,E12000001
EH40,S99999999
BH17,E12000009
B62,E12000005
LS17,E12000003
RH10,E12000008
OX49,E12000008
CH26,E12000002
KA1,S99999999
CF3,W99999999
YO14,E12000003
L66,E12000002
LL45,W99999999
BT81,N99999999
IP23,E12000006
BH16,E12000009
L11,E12000002
L31,E12000002
BR8,E12000008
CM2,E12000006
EC1P,E12000007
SN12,E12000009
HP5,E12000008
B1,E12000005
WD1,E12000006
TA22,E12000009
LE3,E12000004
DD2,S99999999
DE14,E12000005
HU19,E12000003
NP16,W99999999
DG5,S99999999
WF9,E12000003
NN3,E12000004
SN3,E12000009
PO15,E12000008
WV9,E12000005
RG12,E12000008
LA14,E12000002
TQ8,E12000009
MK43,E12000006
MK98,E12000008
DN20,E12000003
SS8,E12000006
SO21,E12000008
PO35,E12000008
BS14,E12000009
B3,E12000005
IP5,E12000006
SW12,E12000007
PA20,S99999999
GU7,E12000008
OX25,E12000008
WA6,E12000002
HD4,E12000003
HU9,E12000003
IP7,E12000006
TW18,E12000008
SO41,E12000008
BR1,E12000007
NE10,E12000001
B45,E12000005
PH43,S99999999
EH17,S99999999
IG5,E12000007
NG20,E12000004
TS6,E12000001
HP3,E12000006
DH2,E12000001
IP11,E12000006
NE22,E12000001
WR10,E12000005
B50,E12000005
IG8,E12000007
NR34,E12000006
HU6,E12000003
SW19,E12000007
EH25,S99999999
HU1,E12000003
BB18,E12000002
B79,E12000005
NR20,E12000006
NE61,E12000001
FY6,E12000002
KT4,E12000007
L4,E12000002
M31,E12000002
RG20,E12000008
CW11,E12000002
B8,E12000005
BB5,E12000002
G75,S99999999
DN4,E12000003
OL14,E12000003
M22,E12000002
BT40,N99999999
KY16,S99999999
PH19,S99999999
EC88,E12000007
IV99,S99999999
UB1,E12000007
CF38,W99999999
HP11,E12000008
G33,S99999999
L29,E12000002
BS39,E12000009
NE17,E12000001
BT42,N99999999
TQ12,E12000009
RG9,E12000008
BD4,E12000003
LA8,E12000002
NP12,W99999999
PA66,S99999999
G68,S99999999
TA13,E12000009
GU21,E12000008
ML4,S99999999
HU12,E12000003
KA19,S99999999
CM99,E12000006
ST2,E12000005
BN99,E12000008
NE71,E12000001
ST21,E12000005
SE21,E12000007
YO26,E12000003
E14,E12000007
FK16,S99999999
G46,S99999999
S25,E12000003
BS3,E12000009
PA64,S99999999
MK12,E12000008
BT67,N99999999
PA84,S99999999
IV48,S99999999
B11,E12000005
TW2,E12000007
BS25,E12000009
PE7,E12000006
KY13,S99999999
FK7,S99999999
EX33,E12000009
PO4,E12000008
PA35,S99999999
SW4,E12000007
GL6,E12000009
L74,E12000002
LN2,E12000004
M28,E12000002
NE30,E12000001
PL30,E12000009
PL20,E12000009
FK2,S99999999
KW17,S99999999
HA1,E12000007
CO5,E12000006
B72,E12000005
DN55,E12000003
HA8,E12000007
NR23,E12000006
SR43,E12000001
PH9,S99999999
LS4,E12000003
S62,E12000003
CT20,E12000008
NG17,E12000004
WC2A,E12000007
LL73,W99999999
WF17,E12000003
NR99,E12000006
HG4,E12000003
SL6,E12000008
ST11,E12000005
G32,S99999999
CH43,E12000002
CR44,E12000007
SA6,W99999999
ME8,E12000008
WF2,E12000003
TS28,E12000001
BD13,E12000003
GU17,E12000008
GU32,E12000008
ME14,E12000008
OX15,E12000008
LE5,E12000004
EH31,S99999999
DL6,E12000003
W1,E12000007
BN41,E12000008
SY8,E12000005
BS2,E12000009
AB39,S99999999
NE19,E12000001
RG6,E12000008
IP14,E12000006
YO91,E12000003
EX24,E12000009
SW3,E12000007
N1P,E12000007
BT18,N99999999
SG19,E12000006
KA18,S99999999
BN13,E12000008
DD7,S99999999
SW9,E12000007
LD6,W99999999
DN5,E12000003
L40,E12000002
EH54,S99999999
LD3,W99999999
S95,E12000003
M90,E12000002
PE10,E12000004
KY10,S99999999
S14,E12000003
RH3,E12000008
DN41,E12000003
BT68,N99999999
IV16,S99999999
RH5,E12000008
BD3,E12000003
NE89,E12000001
RG25,E12000008
NN8,E12000004
SG15,E12000006
KW9,S99999999
TN24,E12000008
BT79,N99999999
B95,E12000005
JE5,L99999999
DA14,E12000007
HP20,E12000008
TR9,E12000009
N4,E12000007
NG13,E12000004
OL16,E12000002
DH9,E12000001
LN4,E12000004
SO32,E12000008
PE31,E12000006
S43,E12000004
NE4,E12000001
WC1B,E12000007
TR6,E12000009
SL1,E12000008
LE55,E12000004
PL3,E12000009
PA21,S99999999
YO23,E12000003
BA14,E12000009
DG16,S99999999
EH15,S99999999
UB6,E12000007
IV17,S99999999
HD2,E12000003
NE68,E12000001
OL7,E12000002
BL2,E12000002
LE95,E12000004
TS29,E12000001
PA63,S99999999
ST8,E12000005
CT13,E12000008
BB0,E12000002
GL53,E12000009
PE12,E12000004
TN13,E12000008
RM9,E12000007
IG11,E12000007
HU16,E12000003
BS18,E12000009
NG9,E12000004
TN30,E12000008
DE45,E12000004
BT11,N99999999
SM2,E12000007
CM17,E12000006
NE82,E12000001
SA66,W99999999
CA18,E12000002
NN29,E12000004
PH34,S99999999
CB5,E12000006
TA16,E12000009
SA80,W99999999
RH19,E12000008
LL69,W99999999
LL17,W99999999
RH13,E12000008
WR2,E12000005
NE49,E12000001
SS3,E12000006
M11,E12000002
DY2,E12000005
DY5,E12000005
NE42,E12000001
SE26,E12000007
BA6,E12000009
BT61,N99999999
OX28,E12000008
AB10,S99999999
FY0,E12000002
DN11,E12000003
N5,E12000007
TS17,E12000001
HU18,E12000003
TS11,E12000001
BH23,E12000009
HS9,S99999999
RG16,E12000008
WA9,E12000002
LA15,E12000002
DE99,E12000004
DN36,E12000003
PA71,S99999999
LL56,W99999999
L18,E12000002
SS15,E12000006
GU10,E12000008
NP1,W99999999
PE4,E12000006
GU51,E12000008
MK19,E12000008
SO3,E12000008
S5,E12000003
WN7,E12000002
CT16,E12000008
EN7,E12000006
HR7,E12000005
CO6,E12000006
LL62,W99999999
PA28,S99999999
TW7,E12000007
BA5,E12000009
IM5,M99999999
EH6,S99999999
EH43,S99999999
CR8,E12000007
SA19,W99999999
EX1,E12000009
AB44,S99999999
G3,S99999999
SO45,E12000008
PO1,E12000008
PH15,S99999999
TR22,E12000009
PO40,E12000008
DN18,E12000003
W1H,E12000007
G63,S99999999
AB5,S99999999
WR13,E12000005
CF35,W99999999
PE28,E12000006
IM86,M99999999
SN99,E12000009
L46,E12000002
LA5,E12000002
S66,E12000003
SO17,E12000008
B49,E12000005
RM15,E12000006
SE99,E12000007
BT51,N99999999
HX5,E12000003
HR9,E12000005
NPT,W99999999
DT5,E12000009
L19,E12000002
PH26,S99999999
DG1,S99999999
LE18,E12000004
SY20,W99999999
N1,E12000007
CA22,E12000002
DA12,E12000008
IV52,S99999999
LL35,W99999999
M16,E12000002
SY13,E12000005
G5,S99999999
CB2,E12000006
HS7,S99999999
DN37,E12000003
CT9,E12000008
E10,E12000007
B12,E12000005
DN21,E12000004
OX2,E12000008
IV8,S99999999
GU1,E12000008
LL26,W99999999
RG29,E12000008
DE24,E12000004
AB14,S99999999
L62,E12000002
SM7,E12000008
TS3,E12000001
LE10,E12000004
M8,E12000002
GL2,E12000009
SK16,E12000002
SE23,E12000007
LS13,E12000003
BS49,E12000009
BS21,E12000009
PH31,S99999999
EH1,S99999999
SE3,E12000007
BT52,N99999999
LN13,E12000004
CH34,E12000002
SO53,E12000008
MK16,E12000008
TW9,E12000007
BH8,E12000009
HP8,E12000008
ST15,E12000005
LS8,E12000003
PA18,S99999999
PL8,E12000009
NG24,E12000004
HA4,E12000007
EH47,S99999999
HP17,E12000008
KA15,S99999999
M41,E12000002
PH22,S99999999
NE29,E12000001
BN23,E12000008
CH30,E12000002
IV41,S99999999
SA70,W99999999
L39,E12000002
M3,E12000002
BD24,E12000003
NP25,W99999999
PH5,S99999999
DE72,E12000004
SW95,E12000007
SK22,E12000004
GY3,L99999999
DG8,S99999999
GU25,E12000008
KA25,S99999999
W8,E12000007
TR17,E12000009
IV3,S99999999
GU14,E12000008
W1B,E12000007
DE7,E12000004
EH22,S99999999
B36,E12000005
CH65,E12000002
DA7,E12000007
HP23,E12000006
SG1,E12000006
DG6,S99999999
WS13,E12000005
TD7,S99999999
SA61,W99999999
BT3,N99999999
SN7,E12000008
SG7,E12000006
BL1,E12000002
BR7,E12000007
S74,E12000003
FK11,S99999999
BR5,E12000007
IP15,E12000006
CV32,E12000005
S81,E12000004
BN1,E12000008
NG21,E12000004
M40,E12000002
SA99,W99999999
B20,E12000005
HA2,E12000007
CT2,E12000008
L7,E12000002
BD7,E12000003
BS7,E12000009
NE64,E12000001
RG11,E12000008
PH12,S99999999
EC2V,E12000007
BD16,E12000003
TD15,E12000001
PO8,E12000008
PA88,S99999999
EX37,E12000009
WV16,E12000005
WD3,E12000006
NW26,E12000007
S33,E12000004
EC2P,E12000007
CF83,W99999999
E6,E12000007
B96,E12000005
W10,E12000007
CH64,E12000002
KA8,S99999999
WF13,E12000003
SK10,E12000002
S3,E12000003
ST55,E12000005
SN16,E12000009
NN99,E12000004
WF6,E12000003
SA10,W99999999
CF43,W99999999
SY2,E12000005
AL10,E12000006
TQ3,E12000009
PL29,E12000009
BH12,E12000009
TS26,E12000001
BT46,N99999999
B7,E12000005
IV33,S99999999
BN50,E12000008
SK7,E12000002
OX18,E12000008
B91,E12000005
EX21,E12000009
IP32,E12000006
KA2,S99999999
SR3,E12000001
WA15,E12000002
TS10,E12000001
SO14,E12000008
BT35,N99999999
NR26,E12000006
PL18,E12000009
PL24,E12000009
B76,E12000005
B40,E12000005
TA5,E12000009
EC4N,E12000007
PL34,E12000009
CB25,E12000006
DH99,E12000001
BH24,E12000008
G53,S99999999
TN2,E12000008
BA20,E12000009
PR2,E12000002
CV3,E12000005
M4,E12000002
M50,E12000002
ST6,E12000005
CH8,W99999999
PA31,S99999999
KT5,E12000007
PO22,E12000008
TF11,E12000005
SY14,E12000002
SE13,E12000007
MK6,E12000008
L25,E12000002
CA7,E12000002
DN9,E12000003
LA21,E12000002
TR3,E12000009
LA10,E12000002
DH1,E12000001
BD97,E12000003
ST1,E12000005
G15,S99999999
PL15,E12000009
PA81,S99999999
PA48,S99999999
N17,E12000007
IV1,S99999999
L70,E12000002
YO15,E12000003
WS1,E12000005
TS22,E12000001
BT9,N99999999
IV12,S99999999
LS25,E12000003
BD14,E12000003
EN10,E12000006
WN2,E12000002
GY2,L99999999
RG19,E12000008
PL4,E12000009
L1,E12000002
LL44,W99999999
LS18,E12000003
PA3,S99999999
SA45,W99999999
MK77,E12000008
OL10,E12000002
IP30,E12000006
OL3,E12000002
DT6,E12000009
DN33,E12000003
CA28,E12000002
GL4,E12000009
G61,S99999999
EH18,S99999999
HR2,E12000005
TN23,E12000008
CF4,W99999999
HA9,E12000007
RM18,E12000006
ME9,E12000008
TR26,E12000009
CA15,E12000002
DN1,E12000003
SK14,E12000002
TA1,E12000009
SG11,E12000006
CH5,W99999999
RG31,E12000008
OX11,E12000008
S9,E12000003
EH39,S99999999
IP18,E12000006
BT54,N99999999
L60,E12000002
DA8,E12000007
PO5,E12000008
AB42,S99999999
HG2,E12000003
B61,E12000005
BT74,N99999999
SE5,E12000007
G58,S99999999
NR3,E12000006
SE20,E12000007
GU15,E12000008
DY13,E12000005
KY4,S99999999
RH16,E12000008
W1D,E12000007
B17,E12000005
DE21,E12000004
SA32,W99999999
EH99,S99999999
AL9,E12000006
DN16,E12000003
DD3,S99999999
BN44,E12000008
AB32,S99999999
E17,E12000007
DA1,E12000008
ML10,S99999999
WD99,E12000006
ML8,S99999999
GY7,L99999999
WC2N,E12000007
HS4,S99999999
SA4,W99999999
EH20,S99999999
TN36,E12000008
IM9,M99999999
KW8,S99999999
IP24,E12000006
SO52,E12000008
G31,S99999999
BH15,E12000009
NP8,W99999999
SA33,W99999999
BT92,N99999999
EX12,E12000009
DT1,E12000009
NG5,E12000004
IV13,S99999999
ME19,E12000008
PA44,S99999999
YO42,E12000003
CM0,E12000006
LE14,E12000004
MK7,E12000008
PA10,S99999999
B44,E12000005
GL10,E12000009
OL5,E12000002
BT14,N99999999
W1V,E12000007
ZE2,S99999999
W4,E12000007
B30,E12000005
W1M,E12000007
UB7,E12000007
SR5,E12000001
SN5,E12000009
N81,E12000007
FY2,E12000002
AB15,S99999999
KW16,S99999999
NP26,W99999999
KA9,S99999999
PA78,S99999999
EH11,S99999999
CF46,W99999999
LL48,W99999999
NN4,E12000004
SK1,E12000002
PH50,S99999999
LD5,W99999999
DL13,E12000001
GL54,E12000009
LL76,W99999999
PE33,E12000006
PE35,E12000006
PA74,S99999999
WF10,E12000003
NR28,E12000006
AB24,S99999999
MK45,E12000006
AL4,E12000006
L21,E12000002
LL19,W99999999
S98,E12000003
UB10,E12000007
DN32,E12000003
EX7,E12000009
DA16,E12000007
PE29,E12000006
LL30,W99999999
PO30,E12000008
NE65,E12000001
SW15,E12000007
EH30,S99999999
MK3,E12000008
SW10,E12000007
SP1,E12000009
TR13,E12000009
NR12,E12000006
BD20,E12000003
WR8,E12000005
TQ2,E12000009
HU13,E12000003
YO6,E12000003
IM99,M99999999
NE7,E12000001
NP13,W99999999
L45,E12000002
IV22,S99999999
EN4,E12000007
NE18,E12000001
NR30,E12000006
PL13,E12000009
PE23,E12000004
NR18,E12000006
CR6,E12000008
LA9,E12000002
TN29,E12000008
L15,E12000002
DG13,S99999999
DD8,S99999999
S17,E12000003
BA22,E12000009
BB7,E12000002
LL53,W99999999
BN25,E12000008
KT9,E12000007
B26,E12000005
E5,E12000007
G52,S99999999
CF40,W99999999
B93,E12000005
WA13,E12000002
EX32,E12000009
WA5,E12000002
UB2,E12000007
BD5,E12000003
M45,E12000002
ST20,E12000005
TQ13,E12000009
BT43,N99999999
BT28,N99999999
EN8,E12000006
PE15,E12000006
GU20,E12000008
PA32,S99999999
SM5,E12000007
WF15,E12000003
OX14,E12000008
TS7,E12000001
L75,E12000002
HP12,E12000008
BB10,E12000002
B71,E12000005
TA10,E12000009
NE33,E12000001
SW1A,E12000007
G11,S99999999
RG4,E12000008
FK17,S99999999
IV45,S99999999
LL41,W99999999
G41,S99999999
YO61,E12000003
WR99,E12000005
HP2,E12000006
S70,E12000003
LL60,W99999999
GL5,E12000009
SW1P,E12000007
IV32,S99999999
TD10,S99999999
BS41,E12000009
BT22,N99999999
TR7,E12000009
HU5,E12000003
G43,S99999999
CA10,E12000002
BS28,E12000009
DY9,E12000005
SW1Y,E12000007
GU30,E12000008
YO51,E12000003
TN4,E12000008
SA5,W99999999
BT48,N99999999
L65,E12000002
BT57,N99999999
IG4,E12000007
PL31,E12000009
TN1,E12000008
BS13,E12000009
EH55,S99999999
G67,S99999999
FK1,S99999999
DE65,E12000004
M25,E12000002
PA65,S99999999
NG25,E12000004
OL95,E12000002
WF16,E12000003
TF7,E12000005
L42,E12000002
CF44,W99999999
HG5,E12000003
PE19,E12000006
M14,E12000002
DH4,E12000001
B73,E12000005
NW2,E12000007
SA42,W99999999
LA18,E12000002
NR21,E12000006
GU33,E12000008
CH42,E12000002
CA2,E12000002
DL7,E12000003
M23,E12000002
YO32,E12000003
SN11,E12000009
PH25,S99999999
LL21,W99999999
PH36,S99999999
OL15,E12000002
W1R,E12000007
WD7,E12000006
CF23,W99999999
PO16,E12000008
L9,E12000002
CM5,E12000006
IP6,E12000006
IP8,E12000006
NE85,E12000001
CT4,E12000008
PR1,E12000002
SE17,E12000007
LN8,E12000004
BL3,E12000002
PH49,S99999999
MK42,E12000006
SN2,E12000009
RM5,E12000007
CT12,E12000008
BT65,N99999999
HX3,E12000003
WF8,E12000003
PL21,E12000009
TA24,E12000009
B24,E12000005
HP4,E12000006
TQ7,E12000009
PR25,E12000002
EH33,S99999999
BN20,E12000008
KT14,E12000008
L12,E12000002
DN19,E12000003
EC4V,E12000007
YO25,E12000003
PH13,S99999999
EH27,S99999999
CB9,E12000006
FY7,E12000002
EH4,S99999999
CM16,E12000006
TR10,E12000009
CA19,E12000002
JE1,L99999999
EC50,E12000007
PR6,E12000002
CV36,E12000005
KY12,S99999999
LU4,E12000006
BS24,E12000009
NP3,W99999999
RG23,E12000008
HU8,E12000003
IV6,S99999999
SO19,E12000008
SS7,E12000006
ME20,E12000008
TW17,E12000008
ST14,E12000005
NN16,E12000004
SY25,W99999999
CB24,E12000006
CM12,E12000006
NE21,E12000001
B65,E12000005
GL14,E12000009
DE2,E12000004
BB4,E12000002
KW13,S99999999
CF33,W99999999
PH42,S99999999
L5,E12000002
IG7,E12000006
WD24,E12000006
GU8,E12000008
SS13,E12000006
PA67,S99999999
PA85,S99999999
BT41,N99999999
SE2,E12000007
PL28,E12000009
M44,E12000002
N12,E12000007
SN38,E12000009
B2,E12000005
DE15,E12000005
WV6,E12000005
CV11,E12000005
KA27,S99999999
HD7,E12000003
KA30,S99999999
L32,E12000002
LS5,E12000003
N11,E12000007
CO13,E12000006
SN26,E12000009
NW8,E12000007
BH20,E12000009
WV2,E12000005
E8,E12000007
SA8,W99999999
BA4,E12000009
KW3,S99999999
PA27,S99999999
BA10,E12000009
DA13,E12000008
RG15,E12000008
EH41,S99999999
TQ6,E12000009
BH19,E12000009
DN12,E12000003
CH1,E12000002
BT10,N99999999
LN3,E12000004
BA7,E12000009
CB3,E12000006
CT17,E12000008
SO2,E12000008
SE16,E12000007
PO9,E12000008
LA3,E12000002
EH44,S99999999
LE41,E12000004
CV7,E12000005
BT36,N99999999
YO18,E12000003
WF90,E12000003
PE3,E12000006
TS14,E12000001
DN6,E12000003
DT2,E12000009
RG3,E12000008
SA15,W99999999
GU11,E12000008
SA69,W99999999
PL10,E12000009
GY6,L99999999
EH5,S99999999
LA6,E12000002
LL57,W99999999
SO40,E12000008
DG2,S99999999
CR2,E12000007
HR8,E12000005
NE13,E12000001
BT1,N99999999
SO1,E12000008
S4,E12000003
BT4,N99999999
NN17,E12000004
CW4,E12000002
NG1,E12000004
PO12,E12000008
SY21,W99999999
SS14,E12000006
RM14,E12000007
NG90,E12000004
LL72,W99999999
HA5,E12000007
CO12,E12000006
LL34,W99999999
TR23,E12000009
HR6,E12000005
IV7,S99999999
DA11,E12000008
LL63,W99999999
IP20,E12000006
SW11,E12000007
SL60,E12000008
PH16,S99999999
TW10,E12000007
YO62,E12000003
TW14,E12000007
EC2Y,E12000007
EX4,E12000009
OX20,E12000008
LL54,W99999999
SO18,E12000008
RM1,E12000007
TR2,E12000009
CV4,E12000005
NR27,E12000006
EX16,E12000009
RH4,E12000008
EC1R,E12000007
SY10,E12000005
SR2,E12000001
HU20,E12000003
L38,E12000002
BD10,E12000003
LL29,W99999999
WS4,E12000005
B68,E12000005
AL5,E12000006
ME3,E12000008
HS1,S99999999
DD10,S99999999
BD98,E12000003
LL11,W99999999
GU2,E12000008
HX4,E12000003
IV53,S99999999
KY7,S99999999
LL25,W99999999
OX1,E12000008
B48,E12000005
L37,E12000002
M9,E12000002
NP4,W99999999
KA17,S99999999
GL1,E12000009
RG28,E12000008
PA7,S99999999
E13,E12000007
PO10,E12000008
BT71,N99999999
L43,E12000002
PH3,S99999999
BT19,N99999999
TA19,E12000009
EC3R,E12000007
NE37,E12000001
IP13,E12000006
DD4,S99999999
WR5,E12000005
LE87,E12000004
PH8,S99999999
SY9,E12000005
BN16,E12000008
SR88,E12000001
EX9,E12000009
DY4,E12000005
IV34,S99999999
SY3,E12000005
SL0,E12000008
IV42,S99999999
NP22,W99999999
NE69,E12000001
B94,E12000005
NE3,E12000001
LL40,W99999999
SK17,E12000004
PA77,S99999999
BS30,E12000009
HU17,E12000003
IG3,E12000007
LS22,E12000003
S63,E12000003
ME11,E12000008
EH16,S99999999
LN5,E12000004
SY99,E12000005
LS14,E12000003
LS1,E12000003
WA14,E12000002
TN5,E12000008
RH6,E12000008
NG19,E12000004
B77,E12000005
IV31,S99999999
PO34,E12000008
WN6,E12000002
SO9,E12000008
S42,E12000004
EH24,S99999999
BS5,E12000009
EH34,S99999999
SW2,E12000007
ME5,E12000008
CW7,E12000002
ST9,E12000005
LL14,W99999999
BT69,N99999999
S71,E12000003
OL8,E12000002
CH61,E12000002
NE45,E12000001
ST13,E12000005
CF6,W99999999
SA65,W99999999
IM2,M99999999
TN33,E12000008
CB4,E12000006
RH18,E12000008
TN35,E12000008
TN12,E12000008
E1,E12000007
PH35,S99999999
S2,E12000003
CO9,E12000006
SN9,E12000009
CT3,E12000008
TA8,E12000009
LU3,E12000006
OX44,E12000008
PE30,E12000006
NG32,E12000004
WA55,E12000002
TD3,S99999999
OL9,E12000002
SA36,W99999999
CA27,E12000002
SW1E,E12000007
DL12,E12000001
KA11,S99999999
CF72,W99999999
NN12,E12000004
PH39,S99999999
WF5,E12000003
M10,E12000002
WD2,E12000006
G79,S99999999
WV15,E12000005
LA11,E12000002
ME10,E12000008
SW8,E12000007
WF12,E12000003
SP5,E12000009
EX36,E12000009
BD1,E12000003
CF99,W99999999
NG16,E12000004
BS35,E12000009
SA20,W99999999
WC1H,E12000007
PE11,E12000004
HD8,E12000003
CM6,E12000006
BS40,E12000009
SA39,W99999999
EX20,E12000009
PL17,E12000009
LE19,E12000004
CV31,E12000005
SW1V,E12000007
BT47,N99999999
SR9,E12000001
RM6,E12000007
TA14,E12000009
CA16,E12000002
SK8,E12000002
CF21,W99999999
IP33,E12000006
GU9,E12000008
B99,E12000005
PE20,E12000004
PA70,S99999999
DH8,E12000001
SM6,E12000007
WF11,E12000003
CF34,W99999999
SE12,E12000007
S13,E12000003
IV63,S99999999
M5,E12000002
RG30,E12000008
BS17,E12000009
SM1,E12000007
KA3,S99999999
G74,S99999999
YO22,E12000003
PA24,S99999999
B90,E12000005
GU23,E12000008
NR7,E12000006
SO15,E12000008
DN40,E12000003
WV10,E12000005
PO31,E12000008
CR9,E12000007
LL31,W99999999
RG24,E12000008
N16,E12000007
SN25,E12000009
S49,E12000004
L20,E12000002
ST7,E12000005
WC2R,E12000007
AL2,E12000006
TF12,E12000005
BH11,E12000009
CA1,E12000002
BS20,E12000009
NR33,E12000006
PA82,S99999999
KT10,E12000008
BH25,E12000008
CF82,W99999999
FK6,S99999999
BT55,N99999999
LA22,E12000002
L26,E12000002
KT6,E12000007
TN8,E12000008
BB6,E12000002
BA21,E12000009
CA6,E12000002
SY15,W99999999
PR11,E12000002
PA47,S99999999
EN11,E12000006
G40,S99999999
CH47,E12000002
PO21,E12000008
N9,E12000007
CH33,E12000002
BS6,E12000009
OX10,E12000008
OL2,E12000002
BH4,E12000009
EC1Y,E12000007
SE22,E12000007
CF37,W99999999
KT1,E12000007
BT80,N99999999
SS2,E12000006
NR24,E12000006
SO24,E12000008
E18,E12000007
DG9,S99999999
TF8,E12000005
GU24,E12000008
PH21,S99999999
N22,E12000007
CA23,E12000002
AB54,S99999999
L61,E12000002
NG6,E12000004
PR5,E12000002
SE6,E12000007
WR14,E12000005
PH32,S99999999
BA15,E12000009
LN12,E12000004
PL25,E12000009
BT99,N99999999
HP18,E12000008
DE55,E12000004
LE11,E12000004
DT11,E12000009
LE6,E12000004
SK23,E12000004
B60,E12000005
TS4,E12000001
FK12,S99999999
KA14,S99999999
BD17,E12000003
RG40,E12000008
TF1,E12000005
NG22,E12000004
PA17,S99999999
EH48,S99999999
G20,S99999999
KT19,E12000008
DA4,E12000008
CH66,E12000002
BN24,E12000008
SL9,E12000008
SG16,E12000006
CH25,E12000002
SL5,E12000008
BT58,N99999999
IP27,E12000006
JE4,L99999999
EH51,S99999999
EX13,E12000009
EC4M,E12000007
DN15,E12000003
SG4,E12000006
BT78,N99999999
NR17,E12000006
LS9,E12000003
G72,S99999999
SE1P,E12000007
KT22,E12000008
MK15,E12000008
BT25,N99999999
LS19,E12000003
W1W,E12000007
ST18,E12000005
SN6,E12000009
TD14,S99999999
SE19,E12000007
L71,E12000002
NE48,E12000001
S80,E12000004
W9,E12000007
HA3,E12000007
KA22,S99999999
WS12,E12000005
TQ10,E12000009
BL7,E12000002
BL0,E12000002
DE6,E12000004
PA60,S99999999
BR4,E12000007
FY1,E12000002
TA21,E12000009
IV18,S99999999
TW3,E12000007
BH7,E12000009
LL66,W99999999
CH99,E12000002
TN15,E12000008
AB11,S99999999
BD8,E12000003
SN15,E12000009
FK19,S99999999
BN2,E12000008
